tr,Mean,Sd,sig
C,0.075,0.008485281,a
T1,0.2,0.028284271,b
T2,0.187,0.001414214,b
T3,0.2245,0.014849242,b
